description,address,long,lat
"Обелиск-памятник в память рабочим, расстрелянным царскими жандармами в 1915 году","г. Кострома, сквер Борьбы",40.913994,57.784451
"Дом жилой, 2-я пол. XIX в.","г. Кострома, ул. Борьбы, 43 ",40.91394,57.782748
"Льнопрядильная фабрика А.В. Брюханова, XIX-XX вв.: Корпус номер 1, 1853-1854 гг. Корпус номер 2, 1859-1861 гг. Корпус номер 3, 1899 г. Корпус номер 4, 1902-1903 гг. Корпус номер 5, 1901-1903 гг. Склад хлопка, 1860-1870 гг. Крутильный цех, XIX в.","г. Кострома, ул. Борьбы, 75",40.910096,57.784332
"Усадьба «Васильевское» Карцевых (Чумаковых), XIX в.: Главный дом, 1820-е гг. Флигель (северный), 1820-е гг. Флигель (южный), 1820-е гг. Парк, 2-я пол XIX в.","г. Кострома, пос. Васильевское",40.976436,57.730177
"Дом жилой, кон. XIX в.","г. Кострома, ул. Верхне-Набережная, 3 ",40.901418,57.761149
"Дом жилой, кон. XIX в.","г. Кострома, ул. Верхне-Набережная, 5 ",40.90104,57.761255
"Дом жилой, 2-я пол. XIX в.","г. Кострома, ул. Войкова, 2/33 ",40.940926,57.764711
"Дом, в котором жил русский полярный исследователь А.Н. Жохов, 1885 г.-нач. XX в.","г. Кострома, ул. Войкова, 6б ",40.943091,57.764735
"Дом, в котором жил писатель Н.Е. Вирта, 1927-1929 гг.","г. Кострома, ул. Войкова, 10/38 ",40.944833,57.764745
"Дом, в котором жил деятель революции Г.В. Кравков, 1905-1918 гг.","г. Кострома, ул. Войкова, 14 ",40.947043,57.764841
"Дом, в котором жил инженер, экономист П.Ф. Макарьев, 1911-1943 гг.","г. Кострома, ул. Войкова, 16",40.947654,57.764855
"Ансамбль. Училище слепых, 90-е гг. XIX в. ","г. Кострома, ул. Войкова, 23 ",40.946648,57.765172
"Церковь Преображения за Волгой, 1688 г.","г. Кострома, ул. Волгарей, 4",40.904274,57.759406
Каменный жилой дом XIX века,"г. Кострома, ул. Волгарей, 6",40.904041,57.760025
Каменный жилой дом XVIII века,"г. Кострома, ул. Галичская, 2/61 ",40.943477,57.771993
Штаб боевой дружины Костромского комитета РСДРП (1905-1907 гг.),"г. Кострома, ул. Галичская, 16",40.945588,57.772963
"Ансамбль. посл. четв. XIX в.: Дом жилой с лавкой, посл. четв. XIX в. Лавка торговая, посл. четв. XIX в.","г. Кострома, ул. Галичская, 26/62 ",40.947007,57.773577
"Ансамбль, XX в.: Здание пекарни Тарунина, около 1907 г. Ворота в ограде, около 1907 г.","г. Кострома, ул. Горная, 3 ",40.935958,57.764178
"Дом жилой Благовещенского, нач. XIX в.","г. Кострома, ул. Горная, 4 ",40.935176,57.764327
"Образец застройки улицы, XVIII в.: жилой дом","г. Кострома, ул. Горная, 6",40.934754,57.764073
"Образец застройки улицы, XVIII в.: жилой дом","г. Кострома, ул. Горная, 7/2",40.93515,57.763794
"Образец застройки улицы, XVIII в.: жилой дом","г. Кострома, ул. Горная, 8",40.933973,57.763564
"Образец застройки улицы, XVIII в.: жилой дом","г. Кострома, ул. Горная, 10",40.933425,57.763665
"Образец застройки улицы,XVIII в.: жилой дом","г. Кострома, ул. Горная, 11",40.934413,57.763357
"Образец застройки улицы, XVIII в.: жилой дом","г. Кострома, ул. Горная, 12",40.933038,57.763348
"Дом жилой В.С. Лапошникова, 1860-е гг.","г. Кострома, ул. Горная, 5/1 ",40.935302,57.764015
"Ансамбль, XVII-XIX вв.: Церковь Иоанна Богослова, XVII-XIXвв. Ограда,  XIX в.","г. Кострома, ул. Горная, 14 ",40.933515,57.763141
"Усадьба городская, XIX-нач. XX в.: Дом жилой Живущева, XIX-нач. XX в. Ворота ограды, нач. XX в.","г. Кострома, ул. Горная, 13 ",40.934404,57.762983
"Дом жилой Шаровникова, нач. XIX в.","г. Кострома, ул. Горная, 16/7",40.932652,57.762829
"Дом жилой Костицына, 1828 г.","г. Кострома, ул. Горная, 19/10",40.932778,57.762373
"Дом жилой Рыбникова, нач., кон. XIX в.","г. Кострома, ул. Горная, 21 ",40.93241,57.761989
"Дом жилой Копкова, 1876 г.","г. Кострома, ул. Горная, 25",40.931889,57.761696
"Дом жилой Квасникова, нач. XIX в.","г. Кострома, ул. Горная, 27",40.931619,57.761552
"Усадьба Ратьковых, сер. XIX в.: Дом жилой, сер. XIX в. Парк, сер. XIX в.","г. Кострома, ул. Городская, 25 ",40.880307,57.758287
"Церковно-приходская школа, кон. XIX в.","г. Кострома, ул. Городская, 29/2 ",40.878277,57.758566
"Комплекс церкви Александра и Антонины, 1786 г.-XIX в.","г. Кострома, ул. Верхне-Селищинская, 35а",40.877738,57.759214
"Здание школы, в которой учился Герой Советского Союза В.В. Князев, 1932-1941 гг.","г. Кострома, ул. Горького, 7",40.926499,57.777493
Жилой дом XIX века,"г. Кострома, ул. Горького, 9/23 ",40.926499,57.777493
"Дом жилой причта Сергиевской церкви, кон. XIX в.","г. Кострома, ул. Горького, 10 ",40.925672,57.777028
"Церковь Ильинская за рекой Волгой, 1683 г. ","г. Кострома, ул. Дачная, 17 ",40.914407,57.755243
"Дом жилой Солодовникова, 1-я пол. XIX в.","г. Кострома, ул. Депутатская, 6/48 ",40.907428,57.772665
"Дом жилой, 2-я пол. XIX в.","г. Кострома, ул. Депутатская, 9 ",40.910652,57.77458
"Дом б. Леонтьева, XIX в.","г. Кострома, ул. Депутатская, 17",40.912458,57.775473
"Дом жилой, 2-я пол. XIX в.","г. Кострома, ул. Депутатская, 19 ",40.912629,57.775569
"Дом жилой, 2-я пол. XIX в.","г. Кострома, ул. Депутатская, 29 ",40.914371,57.776327
"Усадьба городская, 2-я пол. XIX в.: Дом жилой, 2-я пол. XIX в. Флигель, 2-я пол. XIX в.","г. Кострома, ул. Депутатская, 31",40.91474,57.776529
"Дом жилой, 2-я пол. XIX в.","г. Кострома, ул. Депутатская, 42 ",40.915234,57.776279
"Дом, в котором 11 ноября 1917 г. была провозглашена Советская власть в Костромской губернии","г. Кострома, ул. Дзержинского, 9б",40.937871,57.761029
"Дом, в котором размещалась типография «Северный рабочий», орган Костромского комитета РСДРП в 1917 г.","г. Кострома, ул. Дзержинского, 9 ",40.93735,57.761269
"Дом жилой Алалыкина, нач. XIX в.","г. Кострома, ул. Дзержинского, 9в",40.938392,57.76087
"Усадьба городская, кон. XIX в.: Дом жилой, кон. XIX в. Флигель, кон. XIX в. Ворота, кон. XIX в.","г. Кострома, ул. Дзержинского, 11 ",40.939129,57.760621
"Дом жилой, 2-я пол. XIX в.","г. Кострома, ул. Дзержинского, 13",40.939911,57.760395
"Ансамбль, нач. XX в.: Здание женского епархиального училища, в котором находился Костромской рабфак, 1904-1906 гг.; 1919-1942 г.","г. Кострома, ул. Дзержинского, 15/16",40.940477,57.760213
"Ансамбль, нач. XX в.: Флигель епархиального училища. 1901 г.","г. Кострома, ул. Ивановская, 22",40.941033,57.762004
"Гимназия мужская. Здесь в 1-й Костромской гимназии учились писатели Писемский А.Ф. и Потехин А.А., идеолог народничества и критик Михайловский Н.К. и др.деятели культуры, 1795-1847 гг.; 1839 г.-нач. XX в.","г. Кострома, ул. Дзержинского, 17/11 ",40.94239,57.759636
"Дом жилой. Здесь жила Бобровская Ц.С. (Зеликсон), деятель революции, 2-я пол. XIX в.; 1902-1903 гг.","г. Кострома, ул. Долматова, 8 ",40.935455,57.767275
"Усадьба Васильчиковых, кон. XIX в.: Дом жилой, кон. XIX в. Служебная постройка, кон. XIX в.","г. Кострома, ул. Долматова, 11",40.936156,57.767673
"Дом жилой, 60-70-е гг. XIX в.","г. Кострома, ул. Долматова, 15",40.936183,57.7674
"Здание Александровской полицейской части, 1805г., 2-я пол. XIX в.","г. Кострома, ул. Долматова, 21/30 ",40.936299,57.765983
"Дом жилой, 2-я пол. XIX в","г. Кострома, ул. Долматова, 25",40.936299,57.765623
"Фабрика Третьяковых и Коншина, XIX-XX вв.: Ткацкая фабрика: Корпус номер 1, 1866-1885 гг. Корпус номер 2, 1889-1893 гг. Корпус номер 3, 1903 г. Корпус номер 4, 1911 г. Корпус номер 5, 1897 г. Корпус номер 6, 1890-1915 гг. Корпус номер 7, 1907 г. Корпус номер 8, 1907 г. Корпус номер 9, 1911 г. Корпус номер 10, 1910 г. Корпус номер 11, 1895-1915 гг. Корпус номер 12 (""Дом труда""), 1896 г. Прядильная фабрика: Корпус номер 1, 1866-1885 гг. Корпус номер 2, 1866 г. Промежуточный корпус, 1870 г. Корпус номер 3, 1870 г. Корпус номер 4, 1894 г. Корпус номер 5, 1895 г.Корпус номер 6, 1896 г. Чесальный корпус, 1892-1910 гг.","г. Кострома, ул. Ерохова, 3 ",40.908056,57.779639
"Ансамбль благотворительных учреждений Товарищества Новой Костромской льняной мануфактуры (ф-ки Третьяковых и Коншина), XIX-XX вв.: Училище для детей рабочих и служащих, 1896 г.","г. Кострома, ул. Ерохова, 2",40.908712,57.779639
"Ансамбль благотворительных учреждений Товарищества Новой Костромской льняной мануфактуры (ф-ки Третьяковых и Коншина), XIX-XX вв.: Ясли, 1916 г.","г. Кострома, ул. Ерохова, 6 ",40.909152,57.780248
"Ансамбль благотворительных учреждений Товарищества Новой Костромской льняной мануфактуры (ф-ки Третьяковых и Коншина), XIX-XX вв.: Заразное отделение больницы, 1897 г.","г. Кострома, ул. Ерохова, 14б ",40.910104,57.781035
"Ансамбль, 1850-е гг.: Главная контора льнопрядильной фабрики Брюханова, 1850-е гг.","г. Кострома, ул. Ерохова, 30 ",40.911272,57.784144
"Ансамбль, 1850-е гг.: Привратницкая, сер. XIX в.","г. Кострома, ул. Федосеева, 9 ",40.912844,57.784029
"Пожарное депо, 1920-е гг.","г. Кострома, ул. Ерохова, 32 ",40.911838,57.78448
"Здание духовной семинарии (церковно-приходская школа), кон. XVIII-XIX в.","г. Кострома, ул. Запрудня, 1 ",40.91774,57.791984
"Комплекс, кон. XVII-нач. XVIII в.: церковь Спаса на Запрудной","г. Кострома, ул. Запрудня, 2 ",40.918594,57.792382
"Богадельня им. Зотовых, кон. XIXв.: Главное здание, кон. XIXв. Сторожка, кон. XIX в. Ограда с воротами, кон. XIX в.","г. Кострома, ул. Запрудня, 10  ",40.917309,57.793073
"Дом жилой, 2-я пол. XIX в.","г. Кострома, ул. Ивановская, 4",40.935841,57.763593
"Усадьба Кораблевой Е.В., 1870-е гг.: Главный дом. Здесь в детские годы жил хирург, академик Спасокукоцкий С.И., 1873 г.; 1873-1877 гг. Флигель, 1874 г.","г. Кострома, ул. Ивановская, 8 ",40.936515,57.763401
"Дом жилой учителя А. Невского, 2-я пол. XIX в.","г. Кострома, ул. Ивановская, 10 ",40.937314,57.763161
"Дом жилой М.Ф. Ильинской, 2-я пол. XIX в.","г. Кострома, ул. Ивановская, 12 ",40.937719,57.76306
"Дом жилой П.Т. Поздеевой (Пугачева Д.И.), 2-я пол. XIX в.","г. Кострома, ул. Ивановская, 15 ",40.938204,57.763218
"Дом жилой, 2-я пол. XIX в.","г. Кострома, ул. Ивановская, 18/6",40.938572,57.762825
"Усадьба городская, XIX в.: Флигель, сер. XIX в. Флигель, сер. XIX в.","г. Кострома, ул. Ивановская, 20  ",40.939964,57.761989
"Дом жилой Сибирякова, 1915 г.","г. Кострома, ул. Ивановская, 33 ",40.942426,57.762013
"Комплекс зданий католической общины, сер. XIX в.: Римско-католический молитвенный дом ""Костел"", сер. XIX в.","г. Кострома, ул. Ивановская, 41 ",40.945444,57.76087
"Дом жилой, кон. XIX-нач. XX в.","г. Кострома, пер. Кадыевский, 2/33 ",40.923157,57.771441
"Дом жилой, сер. XIX в.","г. Кострома, пер. Кадыевский, 3",40.922025,57.771667
"Дом жилой, кон. XIX в.","г. Кострома, пер. Кадыевский, 10",40.921324,57.772752
"Дом жилой, кон. XIX в.","г. Кострома, пер. Кадыевский, 12",40.920893,57.773131
"Алексеевская церковь, XVIII в.","г. Кострома, ул. Катушечная, 14",40.934682,57.77495
"Комплекс, 1681 г.: церковь Иоанна Богослова.  Сторожка в ограде, 1870-е гг.","г. Кострома, ул. писателя Осетрова, 4/5",40.891716,57.779427
"Могила русского философа-метафизика Ф.А. Голубинского, 1797-1854 гг.","г. Кострома, ул. Клубная, 5",40.892444,57.778669
"Дом жилой, 1870-е гг.","г. Кострома, ул. Князева, 2",40.931907,57.771235
"Ансамбль, 1870-е гг.: Здание государственного банка, 1870-е гг. Ограда, 1870-е гг.","г. Кострома, ул. Князева, 5/2 ",40.932329,57.771696
"Дом жилой Таганцева, 2-я пол. XIX в.","г. Кострома, ул. Князева, 13 ",40.93409,57.770539
"Усадьба городская, 2-я пол. XIX в.: Дом жилой, 2-я четв. XIX в. Флигель, 2-я пол. XIX в.","г. Кострома, ул. Козуева, 10  ",40.926813,57.773222
"Дом жилой, 2-я пол. XIX в.","г. Кострома, ул. Козуева, 20",40.925987,57.774532
"Дом жилой, 2-я пол. XIX в.","г. Кострома, ул. Козуева, 23 ",40.923885,57.776313
"Дом жилой, кон. XIX в.","г. Кострома, ул. Козуева, 30 ",40.924316,57.776591
"Усадьба городская, 1-я пол. XIX в.: Флигель, 1-я пол. XIX в.","г. Кострома, ул. Козуева, 34/1 ",40.923588,57.777604
"Усадьба городская, сер. XIX в.: Главный дом, сер. XIX в. Флигель, сер. XIX в.","г. Кострома, ул. Козуева, 37 ",40.922636,57.77793
"Дом жилой, 2-я пол. XIX в.","г. Кострома, ул. Козуева, 43",40.922277,57.778496
"Дом жилой, кон. XIX в.","г. Кострома, ул. Козуева, 48  ",40.92251,57.779082
"Дом, в котором жила деятель рабочего движения А.Г. Карманова, кон. XIX в.-1918 г.","г. Кострома, ул. Козуева, 97 ",40.918387,57.783775
Здание-центр политической и культурной жизни Заволжья в 1917 г.,"г. Кострома, ул. Коллективная, 7 ",40.898705,57.759473
"Дом жилой Зотовых, посл. треть XIX в. ","г. Кострома, ул. Коммунаров, 3 ",40.91315,57.786519
"Главная контора льнопрядильной фабрики бр. Зотовых и жилой дом Зотовых, 1850-е гг. Льнопрядильная фабрика бр. Зотовых, XIX в.: Корпус номер 1, 1859-1860 гг. Корпус номер 2, 1859-1860 гг. Корпус номер 3, до 1881 г. Корпус номер 4, 1890-е гг. Корпус номер 5, 1890е гг. Склад льна номер 1, до 1894 г. Склад льна номер 2, до 1894 г. Склад, XIX в. Здание рабочей казармы при фабрике братьев Зотовых, 1870-е гг.","г. Кострома, ул. Коммунаров, 5 ",40.911614,57.787426
"Комплекс благотворительных учреждений при фабрике братьев Зотовых, кон. XIX в. Начальное училище, нач. XIX в.","г. Кострома, ул. Коммунаров, 22 ",40.915566,57.787757
"Комплекс благотворительных учреждений при фабрике братьев Зотовых, кон. XIX в. Больница, кон. XIX в.","г. Кострома, ул. Коммунаров, 24 ",40.916033,57.788069
"Дом, в котором жил деятель революции А.Н. Подлипаев, нач. XX в.-1918 г.","г. Кострома, ул. Коммунаров, 53 ",40.919851,57.790986
"Дом жилой Кореповкина, 2-я пол. XIX в.","г. Кострома, ул. Комсомольская, 9/28",40.91209,57.769848
"Дом жилой, сер. XIX в.","г. Кострома, ул. Комсомольская, 12 ",40.914964,57.769877
"Дом жилой, сер. XIX в.","г. Кострома, ул. Комсомольская, 17 ",40.913222,57.770534
"Усадьба городская, 2-я пол XIX в.: Дом жилой, 2-я пол. XIX в. Хоз. двор, 2-я пол. XIX в.","г. Кострома, ул. Комсомольская, 18",40.914461,57.77087
"Светелка, где занимался кружок молодежи, 1915-1917 гг.","г. Кострома, ул. Комсомольская, 19",40.913518,57.770697
"Дом жилой П.А. Толстопятова, 1891 г.","г. Кострома, ул. Комсомольская, 22/28 ",40.915467,57.77136
"Усадьба купца И.А. Беляева (Н.А. Акатова), 1-я пол. XIX в., 1874 г.: Дом главный, 1-я пол. XIX в., 1874 г.Флигель, 1-я пол. XIX в., 1874 г.","г. Кострома, ул. Комсомольская, 24",40.91633,57.771581
"Усадьба городская, сер.-кон. XIXв.: Дом жилой с лавкой, сер. XIX в. Флигель, кон. XIX в. Хозпостройка и конюшня, кон. XIX в. Соляной склад, 2-я пол. XIX в.","г. Кострома, ул. Комсомольская, 25/30",40.915539,57.771696
"Усадьба Акатова, 1-я пол. XIX в.: Дом жилой, 1-я пол. XIX в. Флигель, 1-я пол. XIX в.","г. Кострома, ул. Комсомольская, 27 ",40.915836,57.771801
"Дом жилой, 2-я пол. XIX в.","г. Кострома, ул. Комсомольская, 28 ",40.917111,57.771878
"Усадьба городская, 2-я пол. XIX в.: Дом жилой, 2-я пол. XIX в. Ворота ограды, 2-я пол. XIX в.","г. Кострома, ул. Комсомольская, 29",40.916276,57.771974
"Первый социалистический клуб, кон. XIX-нач. XX в.; 1918-1920-е гг.","г. Кострома, ул. Комсомольская, 30",40.917866,57.772123
"Дом жилой Акатова, 1-я пол. XIX в.","г. Кострома, ул. Комсомольская, 31 ",40.91686,57.772142
"Дом жилой, кон. XIX-нач. XX в.","г. Кострома, ул. Комсомольская, 36/11",40.920318,57.772944
"Дом жилой с лавкой, 2-я четв.-кон. XIX в.","г. Кострома,просп. Текстильщиков, 23/37",40.918441,57.772689
"Дом жилой с лавкой, 2-я пол. XIX в.","г. Кострома, ул. Комсомольская, 38/14",40.921244,57.773145
"Дом жилой Нагорова (Масленникова), 1837 г.","г. Кострома, ул. Комсомольская, 45",40.92057,57.773385
"Дом жилой Альтовского, 1873 г. ","г. Кострома, ул. Комсомольская, 47 ",40.920947,57.773486
"Дом жилой, 2-я пол. XIX в.","г. Кострома, ул. Комсомольская, 58 ",40.927541,57.774196
"Дом жилой, 2-я пол. XIX в. ","г. Кострома, ул. Комсомольская, 60 ",40.927801,57.774211
"Дом жилой Ерлашова, 1880 г.","г. Кострома, ул. Комсомольская, 61",40.923732,57.77436
"Дом жилой Ерлашова, 1880 г.","г. Кострома, ул. Комсомольская, 63",40.923965,57.774422
"Усадьба городская, XIX-XX вв.: Дом жилой, 2-я пол. XIX в., 1900-е гг. Флигель, нач. 1900-х гг.","г. Кострома, ул. Комсомольская, 62",40.929176,57.774345
"Дом жилой, 2-я пол. XIX в.","г. Кострома, ул. Комсомольская, 68 ",40.929814,57.774456
"Дом, в котором жил советский историк И.В. Мешалин, нач. XX в.-1924 г.","г. Кострома, ул. Комсомольская, 71 ",40.926086,57.774398
"Дом жилой, 2-я пол. XIX в.","г. Кострома, ул. Комсомольская, 87/51 ",40.931484,57.775022
"Дом жилой, 2-я пол. XIX в.","г. Кострома, пер. Короткий, 3 ",40.939434,57.758446
"Дом, в котором жила участница революционного движения А.П. Винокурова, кон. XIX в.-1930 г.","г. Кострома, ул. Красная Слободка, 26 ",40.963761,57.80501
"Дом жилой с полотняной мануфактурой Колоткиных, 1786 г. Дом жилой с полотняной мануфактурой Углечаниновых. Мануфактура Углечаниновых, сер. XVIII-нач. XX в.: Южный мануфактурный корпус, сер. XVIII в. Мануфактурный корпус хозяйственного двора, сер. XVIII в. Мануфактурный корпус хозяйственного двора, сер. XVIII в. Мануфактурный корпус хозяйственного двора, сер. XVIII в. Служба на хоз. дворе, 3-я четв. XIXв. Служебная постройка, кон. XIX-нач. XX в. Сарай, 2-я пол. XVIII в.","г. Кострома, ул. Горького, 16",40.930505,57.777278
"Дом жилой Андрониковых. Здесь жил краевед А.В. Андроников, сер. XIX в.","г. Кострома, ул. Крестьянская, 8 ",40.938725,57.762767
"Усадьба городская, XIX-XX вв.: Дом жилой Смольянинова. В этом доме жил советский режисер В.П. Кожич, 1870-е гг.; 1919-1923 гг. Ворота, 1870-е гг. Дом жилой Москвина, 1911 г.","г. Кострома, ул. Крестьянская, 10 ",40.937314,57.762416
"Усадьба городская, XIX-XX вв.: Дом жилой Голохвастова, около 1841 г.","г. Кострома, ул. Крестьянская, 10б",40.937952,57.762354
"Дом, в котором жил советский ученый-животновод В.А. Шаумян, 1950-1960-е гг.","г. Кострома, ул.Крестьянская, 12/7",40.936973,57.761672
"Ансамбль церкви Иоанна Златоуста, XVIII-XIX вв.: Ограда, кон. XVIII-нач. XIX в.","г. Кострома, ул. Лавровская, 5 ",40.93232,57.772814
"Дом жилой, 1-я пол. XIX в.","г. Кострома, ул. Лавровская, 23  ",40.93568,57.774153
"Усадьба П.С. Солониниковой (Беляева), 1-я пол. XIX в.: Главный дом, 1820-е-1830-е гг. Флигель, 1-я пол. XIX в.","г. Кострома, ул. Лавровская, 25",40.936084,57.77434
"Дом жилой П.Е. Чернова, кон. XIX в.","г. Кострома, ул. Лагерная, 22 ",40.954499,57.756928
"Дом жилой, кон. XIX в.","г. Кострома, ул. Лагерная, 30 ",40.95361,57.756362
"Здание Гауптвахты, 1823 г. Ограда здания гауптвахты, тумбы с фонарями, 1824-1827 гг.","г. Кострома, ул. Ленина, 1/2",40.926786,57.768854
"Усадьба городская, XIX-XX вв.: Дом жилой, нач. XIX -нач. XX в. Каретный сарай, нач. XX в.","г. Кострома, ул. Ленина, 3 ",40.927505,57.769565
"Дом жилой М.А. Мичурина, 1-я пол. XIX-сер. XIX в.","г. Кострома, ул. Ленина, 4 ",40.927864,57.769291
"Дворянский пансион-приют, 1902 г.","г. Кострома, ул. Ленина, 10 ",40.928924,57.7704
"Здание 2-й Костромской мужской гимназии, в которой в разные годы учились деятели науки, 1905-1918 гг.","г. Кострома, ул. Ленина, 12 ",40.929472,57.771033
"Склады Акцизного управления, кон. XIX в.-1930-е гг.: Главный корпус, кон. XIX-нач. XX в. Спиртохранилище, кон. XIX-нач. XXв. Сторожка, кон. XIX-нач. XX в. Сторожка, кон. XIX-нач. XX в. Материальный сарай и кладовая, кон. XIX-нач. XX в. Склады, кон. XIX-нач. XX в. ","г. Кострома, ул. Ленина, 14 ",40.929634,57.771408
"Склады Акцизного управления, кон. XIX в.-1930-е гг.: Заводоуправление и жилой дом, 1930-е гг.","г. Кострома, ул. Князева, 2а",40.930721,57.772037
"Склады Акцизного управления, кон. XIX в.-1930-е гг.: Заводоуправление и жилой дом, 1930-е гг.","г. Кострома, ул. Князева, 2б",40.931152,57.771758
"Дом жилой К.О. Соколова (Пушкиных), около 1790 г.","г. Кострома, ул. Ленина, 16/1 ",40.930559,57.772564
"Дом жилой Каменцевых, 1873 г., 1908 г.","г. Кострома, ул. Ленина, 19 ",40.928879,57.771225
"Дом жилой Каменцевых, 1879-1882 гг.","г. Кострома, ул. Ленина, 21 ",40.928879,57.771225
"Усадьба П.П. Царевского, 1900-е гг.: Дом жилой, 1900-е гг. Доходный дом, 1900-е гг.","г. Кострома, ул. Ленина, 31/42 ",40.929939,57.772468
"Усадьба городская, кон. XIX-нач. XX в.: Дом жилой, кон. XIX-нач. XX в. Ворота ограды, кон. XIX-нач. XX в.","г. Кострома, ул. Ленина, 35 ",40.93011,57.77291
"Дом жилой, 2-я пол. XIX в.","г. Кострома, ул. Ленина, 37 ",40.930442,57.773203
"Дом жилой, 2-я пол. XIX в.","г. Кострома, ул. Ленина, 38 ",40.933533,57.776179
"Дом жилой, кон. XIX в.","г. Кострома, ул. Ленина, 39 ",40.930568,57.773404
"Доходный дом Шипова, 1873 г.","г. Кострома, ул. Ленина, 44 ",40.934188,57.77686
"Дом жилой с лавкой, кон. XIX в.","г. Кострома, ул. Ленина, 49/76 ",40.931646,57.774633
"Усадьба городская, посл. треть XIX в.: Дом жилой, посл. треть XIX в. Флигель, посл. треть XIX в.","г. Кострома, ул. Ленина, 57 ",40.932661,57.775771
"Дом жилой, посл. треть XIX в.","г. Кострома, ул. Ленина, 59 ",40.933029,57.776222
"Торговая лавка Наливаева, 1884 г.","г. Кострома, ул. Лермонтова, 3",40.944609,57.762162
"Дом жилой Людке, 50-60-е гг. XIX в.","г. Кострома, ул. Лермонтова, 4 ",40.94371,57.762287
"Дом жилой Сумарокова (Волынского), 1-я пол. XIX в., 1888 г.","г. Кострома, ул. Лермонтова, 5 ",40.944339,57.761783
"Дом жилой Васьковой П.А., 2-я пол. XIX в.","г. Кострома, ул. Лермонтова, 6 ",40.943495,57.76185
"Дом жилой Карцевых. Здание учительской семинарии, в которой училась деятель компартии, соратник В.И. Ленина М.П. Голубева, нач. XIX в.; 1875-1878 гг.","г. Кострома, ул. Лермонтова, 7/37 ",40.943989,57.761509
"Усадьба Ф.А. Сумарокова, около 1868 г.: Дом жилой, около 1868 г. Флигель, около 1868 г.","г. Кострома, ул. Лермонтова, 10б",40.942848,57.761423
"Дом Шаховской (дер.), 1850 г.","г. Кострома, ул. Лермонтова, 14",40.941555,57.76052
"Усадьба Кокорева (Зимина), XVIII-XX вв.: Дом жилой Кокорева. 1785 г.","г. Кострома, ул. Лесная, 3/29 ",40.931206,57.761183
"Усадьба Кокорева (Зимина), XVIII-XXвв.: Флигель Зиминых, XIX-XX вв. ","г. Кострома, ул. Горная, 27б",40.933218,57.761471
"Усадьба Кокорева (Зимина), XVIII-XX вв.: Трактир Зиминых, 2-я пол. XIX в. Бани Зиминых, 2-я пол. XIX в.","г. Кострома, ул. Горная, 27а",40.931889,57.760899
"Ансамбль, XIX в.: Дом жилой Д.И. Масленикова (здание уездного земства), нач. XIX в., 1880-е гг. Хозяйственный флигель, 2-я пол. XIX в.","г. Кострома, ул. Лесная, 5 ",40.932634,57.760578
"Ансамбль, XIX в.: Дом жилой А.П. Дурыгина, нач. XIX-2-я пол. XIX в. Флигель, 2-я пол. XIX в.","г. Кострома, ул. Лесная, 7 ",40.932922,57.760842
"Дом жилой Белянкина М.Д., 1-я треть XIX в.","г. Кострома, ул. Лесная, 11 ",40.93435,57.759896
"Дом жилой Сыромятникова, 90-е гг. XVIII в.","г. Кострома, ул. Лесная, 13а",40.935976,57.759214
"Дом жилой Персианцева, 50-е гг. XIX в.","г. Кострома, ул. Лесная, 13 ",40.936596,57.75894
"Дом жилой Котельникова, нач. XIX в.","г. Кострома, ул. Лесная, 15 ",40.937288,57.758767
"Усадьба Живущева, XIX в.: Дом жилой, нач. XIX в. Флигель, сер. XIX в."," г. Кострома, ул. Лесная, 19 ",40.938869,57.758009
"Усадьба Тютина, XIX в.: Дом жилой, около 1824 г.","г. Кострома, ул. Лесная, 21 ",40.939372,57.757773
"Усадьба Тютина, XIX в.: Лавка торговая, сер. XIX в.","г. Кострома, ул. Нижняя Дебря, 58 ",40.941123,57.757831
"Дом жилой Стоюнина, нач. XIX в.","г. Кострома, ул. Лесная, 37 ",40.944959,57.755406
"Усадьба Каржавина, XVIII-XX вв.: Дом жилой, кон. XVIII-нач. XIX в. Ворота ограды, нач. XX в. Ворота ограды, нач. XX в.","г. Кострома, ул. Лесная, 39",40.9453,57.754844
"Дом жилой Стоюниной, 90-е гг. XVIII в.","г. Кострома, ул. Лесная, 43 ",40.946055,57.754326
"Дом жилой Третьякова, кон. XIX в.","г. Кострома, ул. Лесная, 45 ",40.94645,57.754177
"Дом жилой Каржавина, кон. XVIII в.","г. Кострома, ул. Лесная, 47 ",40.94751,57.753476
"Главная контора колокололитейного завода С.Н. Забенкина, кон. XIX в.","г. Кострома, ул. Лесная, 51а",40.948957,57.752602
"Усадьба Карцевых, 1-я пол XIX в.: Парк, 1-я пол. XIX в.","г. Кострома, ул. Малышковская, 40 ",40.927388,57.733147
"Здание приходского училища, 1910-е гг.","г. Кострома, ул. Маршала Новикова, 59 ",40.943073,57.772291
"Дом жилой, 2-я пол. XIX в.","г. Кострома, пер. Мельничный, 4 ",40.934485,57.760774
"Воскресенская церковь, XVII в. Дом, в котором жил Я.М. Свердлов","г. Кострома, пер. Мельничный, 5",40.934862,57.760429
"Усадьба городская, XIX в.: Дом жилой, сер. XIX в. Флигель, сер. XIX в.","г. Кострома, пер. Мельничный, 6 ",40.933982,57.760899
"Монумент «Слава воинам-костромичам, участникам Великой Отечественной войны», 1972 г.","г. Кострома, пл. Мира",40.939246,57.772569
"Бывшая гостиница «Россия», где с 1848 по 1867 гг. останавливался драматург А.Н. Островский","г. Кострома, просп. Мира, 1/2 ",40.927747,57.768648
"Усадьба городская, XIX в.: Дом жилой М. Дурыгиной, 1810-е гг.","г. Кострома, просп. Мира, 3",40.929104,57.769253
"Усадьба городская, XIX в.: Флигель, сер. XIX в.","г. Кострома, просп. Мира, 3а",40.92931,57.76944
"Бывший ресторан «Москва», где в 1904 г. на банкете, устроенном либералами, выступал с разоблачительной самодержавие речью Я.М. Свердлов","г. Кострома, просп. Мира, 4 ",40.929427,57.768806
"Романовский музей. Здесь размещалось Костромское научное общество по изучению местного края, 1913 г.; 1917-1930 гг.","г. Кострома, просп. Мира, 5 ",40.929796,57.769598
"Ансамбль, XIX в.: Дом жилой О.П. Домерникова и И.М. Пирогова, нач. XIX в. Дом жилой для служащих полотняной фабрики В.А. Дурыгина (здание почтовой конторы), около 1828 г. Ограда, около 1828 г.","г. Кострома, просп. Мира, 6  ",40.930802,57.769435
"Ансамбль Дворянского собрания, XVIII-XIX вв.: Ворота ограды, 1837-1838 гг. Парк, XIX в.","г. Кострома, просп. Мира, 7",40.930496,57.769929
"Ансамбль, нач. XIX в.: Дом жилой В.А. Дурыгина, нач. XIX в. Ограда с воротами, нач. XIX в. Здание духовного училища, 1894 г.","г. Кострома, просп. Мира, 8/6",40.933542,57.77028
"Здание областного драматического театра им. А.Н. Островского, построенное в 1863 г. Флигель в составе ансамбля драматического театра им. А.Н. Островского, 1860-е гг.","г. Кострома, просп. Мира, 9 ",40.931359,57.770491
"Дом Мичуриной, XVIII в. Усадьба Дурыгиных (Мичуриных), XVIII-XX вв.: Дом жилой привратника, 1870-е гг. Ворота в ограде, 1870-е гг. Сарай, нач. XX в.","г. Кострома, просп. Мира, 11/4",40.93241,57.770789
"Дом Дурыгины (Солодовникова), кон. XVIII в.","г. Кострома, просп. Мира, 13/9",40.933164,57.77112
"Дом жилой, 1-я треть XIX в.","г. Кострома, просп. Мира, 19 ",40.934781,57.77183
"Часовня, 40-50-е гг. XIX в. Здание рабочей чайной, 1890-е гг.","г. Кострома, ул. Молочная гора, 3 ",40.924001,57.765796
"Усадьба Колодезниковых, XIX в.: Хозяйственное строение, 1-я тр. XIX в. Флигель, 1880-е гг. Ворота в ограде, 1-я тр. XIX в.","г. Кострома, ул. Молочная гора, 4/1  ",40.922798,57.766377
"Дом Стригалевых, 1800 г.","г. Кострома, ул. 1 Мая, 6/8",40.921064,57.76546
"Усадьба Стригале (Викентьевой), XIX в.: Лавка торговая (лабаз), 2-я пол. XIX в.","г. Кострома, ул. Молочная гора, 6а",40.921666,57.765767
"Дом жилой с лавками (соляной склад), 1820-1830-е гг.","г. Кострома, ул. Молочная гора, 9/4 ",40.921953,57.765086
"Дом жилой, кон. XIX в. ","г. Кострома, ул. Московская, 6 ",40.901472,57.760683
"Дом жилой, кон. XIX в. ","г. Кострома, ул. Московская, 7/2 ",40.901777,57.760193
"Дом жилой, кон. XIX в. ","г. Кострома, ул. Московская, 8 ",40.901364,57.760539
"Усадьба городская, кон. XIX в.: Дом жилой, кон. XIX в. ","г. Кострома, ул. Московская, 11 ",40.901337,57.759612
"Усадьба городская, кон. XIX в.: Лавка и каретный сарай, кон. XIX в. ","г. Кострома, ул. Московская, 9а ",40.901606,57.759953
"Усадьба городская, кон. XIX в.: Лавка торговая, кон. XIX в. ","г. Кострома, ул. Московская, 16 ",40.900555,57.759872
"Здание старого железнодорожного вокзала, откуда костромичи отправлялись на фронты гражданской войны, 1887 г.; 1918-1920 гг.","г. Кострома, ул. Московская, 29 ",40.894627,57.755425
"Доходный дом, посл. треть XIX в.","г. Кострома, ул. Мясницкая, 13 ",40.943881,57.768475
"Доходный дом Л.П. Слободского, 1878 г.","г. Кострома, ул. Мясницкая, 15 ",40.944339,57.76846
"Покровская водонапорная башня, 1912-1914 гг.","г. Кострома, ул. Мясницкая, 19д",40.947699,57.768897
"Дом жилой, посл. треть XIX в.","г. Кострома, ул. Мясницкая, 20 ",40.943926,57.768163
"Дом жилой, посл. треть XIX в.","г. Кострома, ул. Мясницкая, 22 ",40.944321,57.768168
"Дом жилой, 2-я пол. XIX в.","г. Кострома, ул. Мясницкая, 41 ",40.948714,57.7686
"Усадьба городская, 2-я пол. XIXв.: Дом жилой, 2-я пол. XIX в. Хоз. Флигель, 2-я пол. XIX в.","г. Кострома, ул. Мясницкая, 43 ",40.949226,57.768773
"Дом жилой Курицыных, 1882 г.","г. Кострома, ул. Н. Набережная, 10/21 ",40.914461,57.756026
"Дом жилой, кон. XIX в.","г. Кострома, ул. Нижне-Набережная, 12 ",40.904445,57.760414
"Дом, в котором жил советский авиаконструктор, ученый В.Н. Чернышов, нач. XX в.-1930-е гг.","г. Кострома, ул.Нижне-Набережная, 18 ",40.905586,57.760083
"Дом жилой, 2-я пол. XIX в.","г. Кострома, ул. Нижняя Дебря, 2/15 ",40.930712,57.763391
"Дом жилой, 1840-1850-е гг.","г. Кострома, ул. Нижняя Дебря, 3  ",40.931862,57.763204
"Доходный дом, 1890-е гг.","г. Кострома, ул. Нижняя Дебря, 5 ",40.932347,57.762978
"Дом жилой Леонтьева, 20-е гг. XIX в.","г. Кострома, ул. Нижняя Дебря, 6 ",40.931826,57.762805
"Доходный дом Днепрова, нач. XX в.","г. Кострома, ул. Нижняя Дебря, 8/18 ",40.932275,57.762608
"Усадьба Пермяковых, XIX-XX вв.: Дом жилой, нач. XIX в. Баня, около 1912 г. Сарай каретный, 1878 г.","г. Кострома, ул. Нижняя Дебря, 11 ",40.93382,57.762416
"Дом, в котором жил революционер П. Терехин.","г. Кострома, ул. Нижняя Дебря, 14 ",40.933434,57.76209
"Дом жилой Боровковых, Нач. XIX в.","г. Кострома, ул. Нижняя Дебря, 18",40.933919,57.761835
"Ансамбль зданий Федоровской общины сестер милосердия, нач. XX в.: Здание общины, нач. XX в. Часовня, нач. XX в. Погреб, нач. XX в.","г. Кострома, ул. Нижняя Дебря, 19 ",40.942929,57.758086
"Усадьба В.В. Чечевицына, 2-я пол. XIX в.: Дом жилой, 2-я пол. XIX в. Флигель, 2-я пол. XIX в.","г. Кострома, ул. Нижняя Дебря, 26 ",40.934628,57.76149
"Дом жилой Мельникова, 2-я пол. XIX в.","г. Кострома, ул. Нижняя Дебря, 28/2",40.935105,57.761269
"Дом жилой, 2-я пол. XIX в.","г. Кострома, ул. Нижняя Дебря, 33 ",40.947061,57.756179
"Дом жилой, 2-я пол. XIX в.","г. Кострома, ул. Нижняя Дебря, 35/42 ",40.947061,57.756179
"Усадьба Чернова, 60-70-е гг. XIXв.: Дом жилой, 60-70-е гг. XIX в.","г. Кострома, ул. Нижняя Дебря, 41 ",40.949702,57.754508
"Усадьба Чернова, 60-70-е гг. XIXв.: Флигель, 60-70-е гг. XIX в.","г. Кострома, ул. Нижняя Дебря, 41б",40.950169,57.754326
"Дом жилой, 2-я пол. XIX в.","г. Кострома, ул. Нижняя Дебря, 47 ",40.950448,57.753754
"Дом жилой Пыпина, около 1824 г.","г. Кострома, ул. Нижняя Дебря, 48 ",40.939381,57.759228
"Дом жилой, кон. XIX в.","г. Кострома, ул. Нижняя Дебря, 54 ",40.940683,57.75858
"Дом жилой. Здесь состоялось первое заседание Совета рабочих депутатов, 1917 г.","г. Кострома, ул. Нижняя Дебря, 58 ",40.941123,57.757831
"Дом жилой Волковой, 1876 г.","г. Кострома, ул. Нижняя Дебря, 63 ",40.953439,57.751646
"Дом жилой Ознобихина Ф.М. (Третьякова И.П.), нач., посл. четв. XIX в.","г. Кострома, ул. Лесная, 45 ",40.94645,57.754177
"Деревянный жилой дом, XIX века","г. Кострома, ул. Никитская, 17 ",40.950322,57.763679
"Дом, в котором жил Герой Советского союза Н.Н. Тараканов, 1931-1940 гг.","г. Кострома, ул. Новополянская, 26 ",40.930927,57.781923
"Дом жилой, посл. треть XIX в.","г. Кострома, ул. Овражная, 16",40.945696,57.759896
"Начальное училище Александровского православного братства, 1881 г.","г. Кострома, ул. Огородная, 7/4 ",40.890899,57.778928
"Ансамбль, XIX в.: Лавка церкви Иоанна Предтечи, 1-я пол. XIX в.","г. Кострома, ул. Островского, 1а",40.923337,57.766732
"Ансамбль, XIX в.: Лавка церкви Иоанна Предтечи, XIX в.","г. Кострома, ул. Островского, 3 ",40.922618,57.76714
"Дом Русова, 1820-е годы","г. Кострома, ул. Островского, 4",40.92092,57.768624
"Народная читальня им. А.Н. Островского. Здесь размещался театр студийных постановок, основанный выдающимся советским театральным деятелем  А.Д. Поповым, 1896 г.; 1918-1923 гг.","г. Кострома, ул. Островского, 5 ",40.921702,57.767596
"Дом Скалозубова, 1810-е годы","г. Кострома, ул. Островского, 6",40.920435,57.768936
"Консистория, XIX в.: Главное здание, 1-я пол. XIX в.","г. Кострома, ул. Островского, 8 ",40.919725,57.769349
"Дом Калашникова, 1791 г.","г. Кострома, ул. Островского, 9",40.920435,57.768384
"Дом жилой Калашникова И.Ф., 10-20-е гг. XIX в.","г. Кострома, ул. Островского, 10 ",40.919303,57.76956
"Дом жилой Богомоловых, 1820-е гг., 1886 г.","г. Кострома, ул. Островского, 11 ",40.920085,57.768681
"Дом Щепетильниковых (детский приют), 1780-1840 гг.","г. Кострома, ул. Пятницкая, 10/12",40.918719,57.769997
"Дом Поповой, 1888 г.","г. Кострома, ул. Островского, 14",40.918207,57.770405
"Дом Пановых (Песоченское подворье), сер. XVIII-нач. XXвв.","г. Кострома, ул. Островского, 16",40.917704,57.770525
"Шубная мастерская с лавкой П.А. Царевского, 1869 г.","г. Кострома, ул. Пятницкая, 8/17 ",40.918207,57.769737
"Усадьба городская, XVIII-XIXвв.: Дом Акатова, 1792 г. Хозяйственный флигель, 1898 г.","г. Кострома, ул. Островского, 18 ",40.917219,57.770669
"Дом жилой П. Акатова, 1-я пол. XIX в.","г. Кострома, ул. Островского, 20 ",40.916842,57.770784
"Усадьба Карелина, 1840-е годы","г. Кострома, ул. Островского, 21 ",40.916743,57.770337
"Дом Акатовых, XVIII-XIX вв.","г. Кострома, ул. Островского, 22",40.916617,57.770875
"Дом Ловушкиных, 1860 г.","г. Кострома, ул. Островского, 23 ",40.916492,57.770467
"Дом Карелина, 1853 г.","г. Кострома, ул. Островского, 25",40.916177,57.77064
"Дом жилой Пошехоновой, сер. XIX в.","г. Кострома, ул. Островского, 26 ",40.915988,57.771129
"Усадьба городская, XIX-XX вв.: Дом Совиных (ломбард), 1791 г. Флигель, 2-я пол XIX в.","г. Кострома, ул. Островского, 27 ",40.915791,57.770803
"Дом Сыромятникова, 1820 г.","г. Кострома, ул. Островского, 29/20",40.914991,57.771177
"Дом жилой Воробьева (Скрипицына), XVIII-XIX вв.","г. Кострома, ул. Островского, 31/23 ",40.914174,57.771509
"Усадьба городская, 2-я пол. XIX в.: Дом жилой, 2-я пол. XIX в.Конюшня, кон. XIX в.","г. Кострома, ул. Островского, 32  ",40.914461,57.771835
"Усадьба городская, XIX-XX вв.: Дом жилой П.М. Трубникова, нач. XIX в. Дом жилой С.П. Сколозубова, 1905 г.","г. Кострома, ул. Островского, 34 ",40.914138,57.772267
"Усадьба городская, XIX в.: Дом жилой, посл. треть XIX в. Сарай, 1893 г.","г. Кострома, ул. Островского, 36  ",40.913347,57.77231
"Дом жилой Д.И. Михина, 1902-1903 гг.","г. Кострома, ул. Островского, 37 ",40.912943,57.771921
"Дом жилой А. Юдина (здание реального училища). Здесь в разные годы учились видные деятели науки, XIX в.; 1873-1918 гг.","г. Кострома, ул. Островского, 38 ",40.911434,57.773112
"Жилой дом, конец XVIII в. Ворота ограды, ок. 1841 г.","г. Кострома, ул. Островского, 40 ",40.91076,57.773424
"Дом Совиных, 1-я четв. XIX в.","г. Кострома, ул. Островского, 42/12 ",40.90979,57.773822
"Дом Репьева, 1780-е годы","г. Кострома, ул. Островского, 44/7",40.909269,57.774873
"Дом жилой Трубникова В.А. с кожевенным заводом. Здесь жили и работали Серов В.А. и Коровин К.А., художники, нач. XIX в; апрель-май 1890 г.","г. Кострома, ул. Островского, 46 ",40.908344,57.774484
"Усадьба городская, XVIII-XIX вв.: Дом Ашастина (полотняная мануфактура), 1780-е годы-XIX в. Ограда с воротами, 2-я пол. XIX в.","г. Кострома, ул. Островского, 53",40.910652,57.773035
"Усадьба городская, XVIII-XIX вв.: Дом жилой Ашастина с полотняной фабрикой, XVIII-XIX вв. Конюшня и сарай, кон. XIX в.","г. Кострома, ул. Островского, 57 ",40.907535,57.774206
"Дом жилой, нач. XX в.","г. Кострома, ул. Осыпная, 11 ",40.952056,57.758465
"Дом жилой, посл. четв. XIX в.","г. Кострома, ул. Пастуховская, 8 ",40.950358,57.758306
"Ансамбль, XIX-XX вв.: Водопроводная станция, 1869-1870 гг. Фильтровальная станция, 1912-1913 гг. Электрическая станция, 1912-1913 гг.","г. Кострома, ул. 1 Мая, 1 ",40.921289,57.764918
"Ночлежный дом Чернова, 1890 г.","г. Кострома, ул. 1 Мая, 2 ",40.923741,57.76415
"Две торговые лавки и торговая палатка в составе комплекса Московской заставы, 1-я пол. XIX в., 1912-1913 гг.","г. Кострома, ул. 1 Мая, 3",40.921289,57.764918
"Дом жилой П.К. Шевякова, 1787 г., 1880-е гг.","г. Кострома, ул. 1 Мая, 10 ",40.920273,57.765931
"Полотняная мануфактура Стригалевых; Костромская духовная семинария, в которой учились историк и искусствовед Н.В. Покровский, Маршал Советского Союза А.М. Василевский. Здесь жил деятель революции и гражданской войны Я.А. Андреев, 1761-1840-е гг.; 1866-1870 гг.; 1909-1914 гг.; 1907 г.: Корпус номер 1, 1761, 1860-е гг.","г. Кострома, ул. 1 Мая, 14 ",40.918683,57.766934
"Полотняная мануфактура Стригалевых; Костромская духовная семинария, в которой учились историк и искусствовед Н.В. Покровский, Маршал Советского Союза А.М. Василевский. Здесь жил деятель революции и гражданской войны Я.А. Андреев, 1761-1840-е гг.; 1866-1870 гг.; 1909-1914 гг.; 1907 г.: Корпус номер 2, 1860-е гг. (?)","г. Кострома, ул. 1 Мая, 16 ",40.917102,57.767313
"Усадьба И.С. Рыльцова, XVIII-XIX вв.: Дом жилой, 1791 г.","г. Кострома, ул. 1 Мая, 22",40.914048,57.768849
"Усадьба И.С. Рыльцова, XVIII-XIX вв.: Флигель, 1810 г.","г. Кострома, ул. 1 Мая, 20а ",40.914443,57.768657
"Усадьба городская, кон. XIX в.: Дом жилой Набатова (здание торговой школы). Здесь учился ученый гидролог Д.И. Кочергин, сер., кон. XIX в.; 1908-1909 гг. Ограда с воротами, кон. XIX в.","г. Кострома, ул. 1 Мая, 24  ",40.91359,57.769089
"Дом жилой А.И. Солодовникова, 1-я пол. XIX в.","г. Кострома, ул. 1 Мая, 26 ",40.913078,57.769353
"Дом, в котором жил Герой Советского Союза Н.П. Колесников, 1938-1939 гг.","г. Кострома, пер. 1-й Водяной, 21 ",40.921109,57.795414
Деревянный жилой дом XIX века,"г. Кострома, ул. Подлипаева, 14 ",40.950708,57.759545
Деревянный жилой дом XIX века  ,"г. Кострома, ул. Подлипаева, 17 ",40.950708,57.759545
"Вспомогательное пожарное депо, 1890-е гг.","г. Кострома, ул. Подлипаева, 27/2 ",40.948984,57.758503
"Дом, построенный участниками коммунистического субботника 1 мая 1920 г.","г. Кострома, ул. Полянская, 13/25 ",40.924154,57.779955
"Дом, в котором жили русский критик и социолог Н.К. Михайловский и художник Купреянов Н.Н., 1-я пол. XIX-нач. XX в.","г. Кострома, просп. Приречный, 7 ",40.874612,57.760842
"Ансамбль Ипатьевского монастыря: Троицкий собор, 1652 г. Звонница, 1647 г. Палаты бояр Романовых, XVI-XIXвв. Свечной корпус, XVI-XIX вв. Братский корпус, XVI-XIX вв., Архиерейский корпус, XVI-XIXвв. Корпус над погребами, XVI-XIXвв., Богадельня, XVI-XIX вв. Стены и башни монастыря, XVI-XIX вв., Архиерейский сад, XIX в. Церковь Спаса Преображения (деревянная), XVII в.","г. Кострома, ул. Просвещения, 1 ",40.894779,57.776913
"Дом, в котором учился видный соратник В.И. Ленина Н.Г. Полетаев","г. Кострома, ул. Пятницкая, 1/20 ",40.915198,57.769013
"Полотняная мануфактура Стригалевых (Григоровская женская гимназия и Романовский пансион), кон. XVIII в., 1858 г.","г. Кострома, ул. Пятницкая, 2/18 ",40.916105,57.768484
"Дом жилой Трубниковых, кон. XIX в.","г. Кострома, ул. Пятницкая, 7 ",40.916321,57.769104
"Дом жилой, 2-я пол. XIX в.","г. Кострома, ул. Пятницкая, 15 ",40.918737,57.7704
"Дом жилой Григорьевой, 1888 г.","г. Кострома, ул. Пятницкая, 17 ",40.919151,57.770453
"Дом жилой Бороздиных, кон. XIX в.","г. Кострома, ул. Пятницкая, 19 ",40.919573,57.770549
"Дом жилой П.И. Смирнова (Вербицкой), XVIII-XIX вв.","г. Кострома, ул. Пятницкая, 22 ",40.92322,57.770913
"Усадьба Солодовниковых, XVIII-XIX вв.: Хоз. флигель, XIX в.","г. Кострома, ул. Пятницкая, 30 ",40.926939,57.771768
"Усадьба Солодовниковых, XVIII-XIX вв.: Хоз. флигель, кон. XVIII в.","г. Кострома, ул. Пятницкая, 28 ",40.92746,57.771177
"Усадьба Поляниной (Калашникова), 2-я пол. XIX в.: Дом жилой, 2-я пол. XIX в. Флигель, 2-я пол. XIX в.","г. Кострома, ул. Пятницкая, 29/24 ",40.92172,57.771033
"Дом жилой Андрониковой, 1860-е-1880-е гг.","г. Кострома, ул. Пятницкая, 31/1 ",40.922268,57.771144
"Дом жилой, 2-я пол. XIX в.","г. Кострома, ул. Пятницкая, 43 ",40.927882,57.772368
"Дом жилой, сер. XIX в.","г. Кострома, ул. Пятницкая, 45",40.928161,57.772416
"Дом жилой причта Благовещенской церкви. Здесь находилась губернская ЧК, нач. XIX в.; 1918-1922 гг.","г. Кострома, ул. Свердлова, 1",40.928727,57.767668
"Дом жилой, 1-я пол. XIX в.","г. Кострома, ул. Свердлова, 3",40.929337,57.767572
"Дом жилой Лезовых, 1880-е гг.","г. Кострома, ул. Свердлова, 5",40.929715,57.767539
"Дом жилой Углечаниновых, нач. XIX в.","г. Кострома, ул. Свердлова, 6",40.930658,57.767059
"Дом жилой, 2-я пол. XIX в.","г. Кострома, ул. Свердлова, 7",40.930272,57.767448
"Дом Орлова, 1780-е годы","г. Кострома, ул. Свердлова, 9",40.930712,57.767356
"Дом жилой Г.Н. Ботникова, нач. XX в.","г. Кострома, ул. Свердлова, 10 ",40.931592,57.7669
"Усадьба Красильникова, XIX в.: Дом Красильникова, нач. XIX в. Флигель, 2-я пол. XIX в. Ворота ограды, 1-я пол. XIX в. Ворота ограды, 1-я пол. XIX в.","г. Кострома, ул. Свердлова, 11",40.931457,57.767265
"Дом жилой Колодкина, 1817 г.","г. Кострома, ул. Свердлова, 12 ",40.931871,57.766737
"Дом жилой Г.Е. Кожевникова, 1817 г., 1824 г., 2-я пол. XIX в.","г. Кострома, ул. Свердлова, 13 ",40.932194,57.767174
"Дом жилой, кон. XIX в.","г. Кострома, ул. Свердлова, 15 ",40.932437,57.767107
"Дом жилой Даниловой. Дом, в котором жил историк В.И. Смирнов, 1880-е гг., 1916-1929 гг.","г. Кострома, ул. Свердлова, 17 ",40.933128,57.766992
"Дом жилой, 2-я пол. XIX в.","г. Кострома, ул. Свердлова, 21 ",40.933506,57.767011
"Дом Рыбниковых, сер. XIX в.","г. Кострома, ул. Свердлова, 23",40.934045,57.766915
"Усадьба городская, XIX-XX вв.: Флигель, 1907-1913 гг. Ограда с воротами, 1907-1913 гг. Ограда с воротами, 1907-1913 гг.","г. Кострома, ул. Свердлова, 25 ",40.934952,57.767164
"Церковь Благовещения, 1804 г.","г. Кострома, ул. Свердлова, 24 ",40.933389,57.766612
"Дом жилой Голицына (Мариинский детский приют), 1793 г., 1849 г.","г. Кострома, ул. Свердлова 26 ",40.934781,57.76643
"Дом жилой. Здесь жил деятель революции А.Н. Асаткин, 1-я пол. XIX в., 1904-1906 гг.","г. Кострома, ул. Свердлова, 27/10 ",40.935545,57.766684
"Дом жилой, нач. XX в. ","г. Кострома, ул. Долматова, 10а",40.935581,57.767097
"Усадьба городская, 2-я пол. XIX в.: Главный дом, 2-я пол. XIX в. Флигель, 2-я пол. XIX в.","г. Кострома, ул. Свердлова, 28/12 ",40.93541,57.766343
"Дом, в котором в 1905 г. жил Караваев ","г. Кострома, ул. Свердлова, 29/19 ",40.936587,57.766622
"Усадьба Устинова, XIX в.: Дом жилой, 1870-е гг. Флигель, кон. XIX в.","г. Кострома, ул. Свердлова, 31 ",40.937602,57.766689
"Дом жилой И.И. Котомина. Училище уездное, 1805 г., 2-я пол. XIX в.","г. Кострома, ул. Свердлова, 36 ",40.937997,57.766286
"Усадьба городская, 2-я пол. XIXв.: Дом жилой. Здесь жил русский советский педагог К.П.Аржеников, 2-я пол. XIX в.; 1899-1933 гг. Флигель, кон. XIX в.","г. Кострома, ул. Свердлова, 37 ",40.939039,57.766708
"Дом жилой Виц, 1841 г.","г. Кострома, ул. Свердлова, 41/16 ",40.939973,57.766732
"Дом жилой Михайловского, 2-я пол. XIX в.","г. Кострома, ул. Свердлова, 42 ",40.939668,57.766401
"Усадьба городская, XIX в.: Главный дом, сер. XIX в. Флигель, 2-я пол. XIX в.","г. Кострома, ул. Свердлова, 43/21 ",40.941016,57.766713
"Усадьба городская, XIX в.: Флигель, 2-я пол. XIX в.","г. Кострома, ул. Смоленская, 19 ",40.940935,57.767059
"Дом жилой с лавкой А.Г. Архиповой, 2-я пол. XIX в.","г. Кострома, ул. Свердлова, 44/18 ",40.94036,57.766416
"Дом жилой, сер. XIX в.","г. Кострома, ул. Свердлова, 50",40.942767,57.766483
"Дом жилой. Здесь жил исследователь Дальнего Востока и основатель г. Николаевска-на-Амуре Бошняк Н.К., сер. XIX в.; 1860-1869 гг.","г. Кострома, ул. Свердлова, 51 ",40.943091,57.766785
"Дом жилой, сер. XIX в.","г. Кострома, ул. Свердлова, 53 ",40.944483,57.766924
"Дом жилой Прокинского, 2-я пол. XIX в.","г. Кострома, ул. Свердлова, 54 ",40.944079,57.766516
"Дом жилой Антиповых. Здесь жил видный деятель горной промышленности А.И. Антипов и его супруга, деятель народного просвещения П.Д. Антипова, посл. четв. XIX в.; 1888-1895 гг.","г. Кострома, ул. Свердлова, 58/23",40.945732,57.766574
"Дом Н.К. Кравченко, 1888 г.","г. Кострома, ул. Свердлова, 63 ",40.947079,57.767025
"Дом, в котором жил советский ученый, археолог П.Н. Третьяков, 1922-1926 гг.","г. Кострома, ул. Сенная, 8 ",40.933542,57.774081
"Дом жилой, 2-я пол. XIX в.","г. Кострома, ул. Сенная, 12/17 ",40.934386,57.773544
"Дом жилой Архангельского, 2-я пол. XIX в.","г. Кострома, ул. Сенная, 15/19 ",40.934691,57.773841
"Дом жилой, 2-я пол. XIX в.","г. Кострома, ул. Сенная, 18 ",40.935626,57.772819
"Дом жилой, посл. четв. XIX в.","г. Кострома, ул. Сенная, 27 ",40.94045,57.770352
"Дом жилой, 2-я пол. XIX в.","г. Кострома, ул. Сенная, 38 ",40.938904,57.770813
"Дом жилой, посл. четв. XIX в.","г. Кострома, ул. Сенная, 40 ",40.939255,57.770577
"Усадьба городская, XIX в.: Доходный дом, посл. четв. XIX в. Флигель, посл. четв. XIX в.","г. Кострома, пер. Сенной, 10 ",40.937296,57.770477
"Дом жилой, 2-я пол. XIX в.","г. Кострома, пер. Сенной, 16/36 ",40.938446,57.771019
"Еврейская молельня «Синагога», 1907 г.","г. Кострома, пер. Сенной, 16а",40.938419,57.770827
"Здание Пожарного депо, 1825 г.","г. Кострома, ул. Симановского, 1/2",40.925978,57.768801
"Дом жилой П.И. Ботникова, 1810-е гг.","г. Кострома, ул. Симановского, 4 ",40.926544,57.769008
"Дом жилой. Здесь размещалась губернская чертежная, где работал талантливый изобретатель П.А. Зарубин, 1-я пол. XIX в., 1843-1853 гг.","г. Кострома, ул. Симановского, 5 ",40.925043,57.770357
"Дом жилой, сер. XIX в.","г. Кострома, ул. Симановского, 5а",40.925061,57.770721
"Дом жилой, 1-я четв. XIX в.","г. Кострома, ул. Симановского, 6 ",40.926382,57.769243
"Дом жилой, XVIII в., 2-я пол. XIX в.","г. Кострома, ул. Симановского, 7/24 ",40.924262,57.771187
"Дом Углечаниновых, 1-я четв. XIX в.","г. Кострома, ул. Симановского, 9/35",40.924064,57.771571
"Усадьба городская, XIX-XX вв.: Главный дом, 1-я пол. XIX в. Флигель, нач. XX в. Служебная постройка, кон. XIX в.","г. Кострома, ул. Симановского, 12 ",40.92613,57.769905
"Усадьба К.Ф. Боборыкина, сер. XIX в.: Дом жилой, сер. XIX в. Ворота ограды, сер. XIX в.","г. Кострома, ул. Симановского, 15 ",40.922753,57.772953
Штаб Красногвардейской дружины,"г. Кострома, ул. Симановского, 17 ",40.922079,57.773304
"Усадьба городская, 2-я пол. XIX в.: Дом жилой, 2-я пол. XIX в. Ворота ограды, 2-я пол. XIX в.","г. Кострома, ул. Симановского, 19/51 ",40.921819,57.773764
"Ансамбль доходных домов Третьякова, кон. XIX в.: Конюшня, кон. XIX в. Ворота северные и западные и ограда в составе ансамбля доходных домов Третьякова, кон. XIX-нач. XX в. «Доходные» дома многофункционального использования конца XIX в. (музыкальное училище)","г. Кострома, ул. Симановского, 24/26",40.925277,57.771355
"Ансамбль Богоявленского монастыря, XVI-XIX вв.: здание собора, кельи, колокольня","г. Кострома, ул. Симановского, 26",40.92446,57.772977
"Дом жилой, 2-я пол. XIX в.","г. Кострома, ул. Симановского, 31 ",40.920417,57.774863
"Усадьба городская, 1-я пол. XIX в.: Ограда с воротами, 1-я пол. XIX в. Дом, в котором заседал Костромской Комитет комсомола","г. Кострома, ул. Симановского, 32",40.921801,57.774417
"Усадьба городская, сер. XIX в.: Дом жилой, сер. XIX в.","г. Кострома, ул. Симановского, 33",40.920237,57.775027
"Усадьба городская, сер. XIX в.: Флигель, сер. XIX в.","г. Кострома, ул. Симановского, 33а",40.919896,57.775291
"Усадьба городская, 2-я пол. XIX в.: Дом жилой, 2-я пол. XIX в.","г. Кострома, ул. Симановского, 34 ",40.921262,57.774791
"Дом жилой, сер. XIX в.","г. Кострома, ул. Симановского, 36 ",40.920893,57.775022
"Здание женского училища им. Зотовых, 1897 г.","г. Кострома, ул. Симановского, 40 ",40.920444,57.775636
"Дом жилой Петцольд, 1873 г.","г. Кострома, ул. Симановского, 42/46 ",40.919887,57.775919
"Дом жилой, 2-я пол. XIX в.","г. Кострома, ул. Симановского, 47 ",40.918405,57.776433
"Дом, в котором жил Подлипаев А.Н. ","г. Кострома, ул. Симановского, 48 ",40.918836,57.776615
"Дом жилой, сер. XIX в.","г. Кострома, ул. Симановского, 50 ",40.918513,57.77687
"Дом жилой, 2-я пол. XIX в.","г. Кострома, ул. Симановского, 65 ",40.916276,57.777897
"Народный дом, где в 1905 г. проходили собрания депутатов I-го Костромского Совета рабочих депутатов","г. Кострома, ул. Симановского, 70",40.916303,57.778708
"Дом жилой, 2-я пол. XIX в.","г. Кострома, ул. Симановского, 71 ",40.915351,57.778578
"Дом жилой, 2-я пол. XIX в.","г. Кострома, ул. Симановского, 75 ",40.91456,57.778943
"Дом жилой для служащих льнопрядильной фабрики Брюханова (фабрики Анонимного общества Гратри, Жерар и Михиной), кон. XIX-нач. XX в.","г. Кострома, ул. Симановского, 80/25 ",40.914488,57.779735
"Власьевская церковь, 1805 г.","г. Кострома, ул. Симановского, 92 ",40.912503,57.781179
"Доходный дом Гурьянова, 1910-е гг.","г. Кострома, ул. Симановского, 94/1 ",40.911542,57.781856
"Дом жилой для служащих фабрики Брюханова, кон. XIX в.","г. Кострома, ул. Симановского, 96 ",40.910994,57.782182
"Дом жилой, 2-я пол. XIX в.","г. Кострома, ул. Смоленская, 17 ",40.940953,57.767625
"Дом жилой, сер. XIX в.","г. Кострома, ул. Смоленская, 24 ",40.940396,57.765686
"Дом жилой, сер. XIX в.","г. Кострома, ул. Смоленская, 25 ",40.941042,57.765916
"Дом жилой, нач. XIX в.","г. Кострома, ул. Смоленская, 26 ",40.940333,57.76522
"Усадьба городская, 2-я пол. XIX в.: Дом жилой, 2-я пол. XIX в.","г. Кострома, ул. Смоленская, 27 ",40.940953,57.765743
"Усадьба городская, 2-я пол. XIX в.: Дом жилой, 2-я пол. XIX в.","г. Кострома, ул. Смоленская, 27а ",40.940989,57.765561
"Дом жилой, кон. XIX в.","г. Кострома, ул. Смоленская, 30 ",40.940342,57.764913
Подпольная типография Костромского комитета РСДРП в 1904-1905 гг.,"г. Кострома, ул. Смоленская, 31/1 ",40.940872,57.765091
"Дом жилой. Здесь жил видный деятель компартии А.М. Стопани, 2-я пол. XIX в.","г. Кострома, ул. Смоленская, 35 ",40.940908,57.76451
"Дом жилой, 2-я пол. XIX в.","г. Кострома, ул. Смоленская, 39 ",40.94089,57.764212
"Здание Магистрата, XVIII в.","г. Кострома, пл. Советская, 2",40.927307,57.765647
"Ансамбль, XVIII-XIX вв.: Здание городской думы, с балкона которого в 1937 г. выступал деятель международного коммунистического движения Г. Димитров, кон. XVIII-XIX в., 1937 г.","г. Кострома, пл. Советская, 2а",40.927864,57.765623
"Ансамбль Торговых рядов и других зданий центральной части города: Гостиный двор-корпуса А, Б, В, Г, Д, Е, Ж, З","г. Кострома, Красные ряды",40.925573,57.766704
"Ансамбль Торговых рядов и других зданий центральной части города: Мучные ряды, XVIII-XIX вв.","г. Кострома, Мучные ряды",40.924792,57.767568
"Ансамбль Торговых рядов и других зданий центральной части города: Малые мучные ряды, XVIII-XIX вв.","г. Кострома, ул. Молочная гора, 5",40.922717,57.76546
"Ансамбль Торговых рядов и других зданий центральной части города: Табачные ряды, XVIII-XIX вв.","г. Кострома, Табачные ряды ",40.927208,57.76583
"Ансамбль Торговых рядов и других зданий центральной части города: Пряничные ряды, XVIII-XIX вв. Часовни Николая и Успенского собора, XVIII-XIX вв.","г. Кострома, Пряничные ряды  ",40.924801,57.765643
"Ансамбль Торговых рядов и других зданий центральной части города: Рыбные ряды, корпус 1, XVIII-XIX вв.","г. Кострома, ул. Молочная гора, 3",40.924001,57.765796
"Ансамбль Торговых рядов и других зданий центральной части города: Рыбные ряды, корпуса 2, 3, 4 XVIII-XIX вв. Корпус номер 5 Рыбных рядов, XIX в., арх. И.И. Фурсов","г. Кострома, Рыбные ряды",40.924091,57.765513
Ансамбль Торговых рядов и других зданий центральной части города: Масляные ряды,"г. Кострома, пл. Советская, 4",40.929517,57.765518
"Здание Присутственных мест, 1809 г.","г. Кострома, ул. Советская, 1",40.928349,57.767131
"Ансамбль присутственных мест, XIX в.: Здание архива, 1821 г., 2-я пол. XIX в.","г. Кострома, ул. Свердлова, 2",40.929203,57.767265
"Дом жилой П.Я. Казаринова (Карцевых, гостиница ""Старый двор""). Здесь останавливался русский советский писатель А.С. Новиков-Прибой. Здесь жили видные деятели революции. Здесь размещался 1-й губком РКСМ, 1788 г., 1912-1913 гг.; 1935-1936, 1918-1922, 1920-1922 гг.","г. Кострома, ул. Советская, 2/1",40.931727,57.765398
"Дом жилой Колодкиных, XVIII-XIX вв.","г. Кострома, ул. Советская, 3 ",40.929652,57.76678
"Церковь Ильи Пророка, XVII-XIX вв.","г. Кострома, ул. Советская, 4 ",40.932922,57.765139
"Дом жилой Ф.И. Скворцова, 1811-1816 гг.","г. Кострома, ул. Советская, 5 ",40.930353,57.766569
"Дом связи, 1934 г.","г. Кострома, ул. Советская, 6 ",40.933892,57.764879
"Дом жилой А. Афанасьева. В этом доме находился книжный склад «Костромич», где была устроена явка большевиков, 1788 г., XIX в.; 1906 г.","г. Кострома, ул. Советская, 7 ",40.930361,57.766094
"Усадьба городская, XIX в.: Дом жилой П.С. Иванова, 1810-е гг.","г. Кострома, ул. Советская, 8а",40.93506,57.764615
"Усадьба городская, XIX в.: Флигель Заболоткина, 1890-е гг. Ворота ограды, 1890-е гг.","г. Кострома, ул. Советская, 8 ",40.934673,57.764788
"Здание Ремесленной управы. Здесь находилась подпольная типография Костромского комитета РСДРП, 1855 г., 1906 г.","г. Кострома, ул. Советская, 10/2 ",40.935518,57.764562
"Дом жилой П.И. Трубникова (Прокопенко), около 1841 г.","г. Кострома, ул. Советская, 12/1 ",40.936219,57.764442
"Дом жилой Сметанина, 1792 г.-2-я пол. XIX в.","г. Кострома, ул. Советская, 13 ",40.931368,57.765849
"Дом жилой Прокопенко, 1908 г.","г. Кострома, ул. Советская, 14 ",40.936775,57.764298
"Дом жилой А.П. Пазухиной, 2-я пол. XIX в.","г. Кострома, ул. Советская, 14а",40.937054,57.764236
"Дом жилой Мартынова и Сыромятникова. Здесь размещалась редакция газеты «Борона», где работал краевед, этнограф Н.Н. Виноградов, около 1792 г., посл. четв. XIX в.; 1921-1926 гг.","г. Кострома, ул. Советская, 15 ",40.931925,57.765715
"Дом жилой Г.И. Тшарнер (Боровского), около 1870-х гг., нач. XX в.","г. Кострома, ул. Советская, 16 ",40.93753,57.76415
"Дом жилой Круглова, 1790 г., XIX в., нач. XX в.","г. Кострома, ул. Советская, 17 ",40.932446,57.76558
"Дом жилой Красноселова (Шипова), 1-я пол. XIX в","г. Кострома, ул. Советская, 18 ",40.937764,57.764097
"Дом жилой Ратьковой и Домерникова, 1-я четв., кон. XIX в.","г. Кострома, ул. Советская, 19 ",40.932886,57.765451
"Дом жилой Колычева (Щербова). Здесь жил деятель революции Я.К. Кульпе, 60-е гг. XIX в.; 1918-1923 гг.","г. Кострома, ул. Советская, 20 ",40.93824,57.763991
"Дом жилой Игрицкого монастыря, 1811-1816 гг.","г. Кострома, ул. Советская, 21 ",40.932886,57.765451
"Усадьба городская, 2-я пол. XIX в.: Дом Карцева, 1817-1819 гг. Ворота ограды, кон. XIX в. Парк, 2-я пол. XIX в.","г. Кострома, ул. Советская, 23 ",40.934449,57.765187
"Дом Малышева (Акатовых), кон. XVIII-нач. XIX вв.","г. Кострома, ул. Советская, 24/2",40.939857,57.763612
"Усадьба городская, XIX-XX вв.: Дом жилой Волкова, около 1824 г. Дом жилой Голениных (земская сапожная фабрика), нач. XIX в., нач. XX в. Флигель (земская сапожная фабрика), кон. XIX-нач. XX в.","г. Кострома, ул. Советская, 25/18",40.935859,57.764841
"Усадьба городская, XIX в.: Флигель, 1870-е гг.","г. Кострома, ул. Долматова, 16",40.935922,57.765023
"Дом жилой Вяземской, 1-я четверть XIX в.","г. Кострома, ул. Советская, 26/1 ",40.940512,57.763439
"Дом жилой Кутьина (Соколова И.Ф.), нач. XIX в., 2-я пол. ХIХ в.","г. Кострома, ул. Советская, 27/31 ",40.936452,57.764726
"Дом жилой Е.А. Платонова (Михина), 1880-е гг., нач. XX в.","г. Кострома, ул. Советская, 30 ",40.941483,57.763247
"Дом жилой, 2-я пол. XIX в.","г. Кострома, ул. Советская, 32 ",40.942372,57.763036
"Усадьба городская, XIX в.: Дом Ашастина, 1829 г. Флигель, кон. XIX в.","г. Кострома, ул. Советская, 33 ",40.937782,57.764428
"Дом жилой с лавкой Щеброва, 1860-е гг.","г. Кострома, ул. Советская, 35 ",40.938294,57.764361
"Дом жилой Киселевой, 1870-е гг.","г. Кострома, ул. Советская, 37 ",40.938572,57.764332
"Усадьба городская, XVIII-XIX вв.: Полотняная фабрика Пыпиных, XVIII-XIX вв.","г. Кострома, ул. Советская, 40/2",40.944546,57.762556
"Дом Трубникова (Королева), нач. XIX в. Западный и восточный флигели в составе усадьбы Трубниковых (Королева), около 1841 г.","г. Кострома, ул. Советская, 39",40.939147,57.764154
"Дом жилой Вознесенской Н.А., 1860-е гг.","г. Кострома, ул. Советская, 41 ",40.939758,57.763996
"Дом жилой Вознесенской Н.А., 1860-е гг.","г. Кострома, ул. Советская, 43/34",40.940225,57.76391
"Усадьба городская, XIX в.: Дом жилой С.Д. Махаева. В этом доме родился и жил Н.М. Бекаревич, 1811-1816 гг., 2-я пол. XIX в.; 1860-1870-е гг. Флигель, нач. XIX в.","г. Кострома, ул. Советская, 47 ",40.941465,57.763626
"Дом жилой Хватовых, посл. треть XIX в.","г. Кострома, ул. Советская, 48 ",40.945875,57.762344
"Дом жилой М. Фролова, 1870-1890 гг.","г. Кострома, ул. Советская, 50 ",40.94619,57.762272
"Дом жилой Гожевых (Морозова), 2-я пол. XIX в.","г. Кострома, ул. Советская, 51а",40.942417,57.763444
"Здание Губернского земства, где в 1915 г. собирались костромские большевики, выступал Е. Ярославский","г. Кострома, ул. Советская, 52",40.947007,57.762114
"Усадьба Грамотина, кон. XVIII в.","г. Кострома, ул. Советская, 54/2",40.947627,57.761975
"Дом жилой Бужукова. Здесь жил советский ученый, филолог, академик В.Ф. Шишмарев, кон. XIX-нач. XX в.; 1918-1924 гг.","г. Кострома, ул. Советская, 55 ",40.943953,57.763113
"Дом жилой Корсаковых, 1860-е гг.","г. Кострома, ул. Советская, 67 ",40.946944,57.762426
"Дом жилой Денисьева, 1860-е гг.","г. Кострома, ул. Советская, 75 ",40.94866,57.762052
"Больница губернского земства, XIX в.: Главный корпус, 50-е гг. XIX в. Лечебный корпус, 50-е гг. XIX в. Флигель, 20-е гг. XIX в. Погреб, нач. ХХ в. Ворота, 50-е гг. XIX в.","г. Кострома, ул. Советская, 77 ",40.950142,57.763012
"Дом жилой Мамлеева, 2-я пол. XIX в.","г. Кострома, ул. Спасокукоцкого, 15 ",40.913311,57.773265
"Дом жилой Сыромятникова, 2-я пол. XIX в.","г. Кострома, ул. Спасокукоцкого, 17 ",40.91377,57.7735
"Дом жилой, сер.-посл. треть XIX в.","г. Кострома, ул. Спасокукоцкого, 24 ",40.913644,57.772992
"Кожевенный завод Рыльцовых (Родовспомогательное заведение Ф.В. Чижова), 1760-е, 1880-е гг. Уездная земская больница, 1901 г.: Корпус номер 1, 1901 г. Корпус номер 2, 1901 г.","г. Кострома, ул. Спасокукоцкого, 29/62 ",40.918234,57.775723
"Дом жилой, посл. треть XIX в.","г. Кострома, ул. Спасокукоцкого, 32а",40.915333,57.773827
"Дом, в котором жил статистик Н.И. Воробьев, 1915-1925 гг.","г. Кострома, ул. Спасокукоцкого, 37а",40.91986,57.77685
"Дом жилой, 2-я пол. XIX в.","г. Кострома, ул. Спасокукоцкого, 41    ",40.920615,57.776735
"Дом жилой, 2-я пол. XIX в.","г. Кострома, ул. Спасокукоцкого, 47 ",40.922384,57.777018
Подпольная типография в 1902 г.,"г. Кострома, ул. Сусанина, 18 ",40.950574,57.768945
"Памятник Ивану Сусанину, ск. Н.А. Лавинский, арх-ры М.Ф. Марковский, М.П. Бубнов; известняк 1968 г.","г. Кострома, пл. Сусанинская",40.92693,57.768009
"Анастасиинский монастырь, XIX в.: Здание келий, 1829 г. Здание келий, 1847 г.","г. Кострома, просп. Текстильщиков, 3а  ",40.921702,57.769593
"Здание полицейского управления, 1810-е гг., 1880-е гг.","г. Кострома, просп. Текстильщиков, 4 ",40.924684,57.769305
"Хозяйственный корпус в составе городской усадьбы (по ул. Симановского, 5), кон. XIX в.","г. Кострома,просп. Текстильщиков, 8",40.924442,57.770505
"Дом, в котором родился и жил известный ученый, изобретатель В.И. Баженов. 1889-1912 гг.","г. Кострома, просп. Текстильщиков, 19 ",40.919707,57.771782
"Дом, в котором жил искусствовед И.А. Рязановский. Здесь останавливался деятель революции Ф.Н. Щеколдин, нач. XX в.-1927 г., 1902-1915 гг.","г. Кострома, просп. Текстильщиков, 20 ",40.922681,57.770419
"Дом жилой, кон. XIX-нач. XX в.","г. Кострома, просп. Текстильщиков, 22/20 ",40.922627,57.770865
"Усадьба Ботникова, 1885 г., нач. XX в.: Дом жилой, 1885 г., нач. XX в. Ворота, 1885 г., нач. XX в.","г. Кострома, просп. Текстильщиков, 27 ",40.917731,57.773049
"Дом жилой, сер. XIX в.","г. Кострома,просп. Текстильщиков, 37/34 ",40.916006,57.774187
"Дом жилой. Здание, в котором размещалась школа рабочих подростков имени В.И. Ленина, нач. XX в.; 1920-1923 гг.","г. Кострома, просп. Текстильщиков, 38/34 ",40.919249,57.772608
"Дом жилой, кон. XIX-нач. XX в.","г. Кострома, ул. Комсомольская, 34а",40.919591,57.772689
"Дом жилой Тарелкиной, 1884 г.","г. Кострома, просп. Текстильщиков, 39/27 ",40.915602,57.774388
"Дом жилой, сер. XIX в.","г. Кострома, просп. Текстильщиков, 44 ",40.918198,57.773318
"Дом жилой, 2-я пол. XIX в.","г. Кострома,просп. Текстильщиков, 57  ",40.911928,57.776279
"Дом жилой с лавкой, 2-я пол. XIX в.","г. Кострома, просп. Текстильщиков, 68/38 ",40.91421,57.775847
"Памятное место, где находился колоколенный завод Синцова, 1789-1850-е гг. Б. Чижовское училище, где в мастерских изготавливались бомбы","г. Кострома, просп. Текстильщиков, 73",40.908667,57.777445
"Усадьба городская (жилые дома служащих промышленного училища им. Чижова), XIX в.: Дом жилой. В этом доме жил химик-органик А.И. Горский, сер. XIX в., 1916-1922 гг.","г. Кострома, просп. Текстильщиков, 73а ",40.909206,57.778626
"Усадьба городская (жилые дома служащих промышленного училища им. Чижова), XIX в.: Флигель, кон. XIX в.","г. Кострома, просп. Текстильщиков, 73б ",40.909467,57.778439
"Усадьба городская (жилые дома служащих промышленного училища им. Чижова), XIX в.: Флигель, кон. XIX в.","г. Кострома, просп. Текстильщиков, 73в ",40.910078,57.778036
"Усадьба городская (жилые дома служащих промышленного училища им. Чижова), XIX в.: Служебная постройка, кон. XIX-нач. XX в.","г. Кострома, просп. Текстильщиков, 73и",40.908901,57.778233
"Дом жилой и чайная общества потребителей Товарищества Новой Костромской льняной мануфактуры, кон. XIX-нач. XX в.","г. Кострома, просп. Текстильщиков, 94 ",40.910069,57.778583
"Магазин и пекарня общества потребителей Товарищества Новой Костромской льняной мануфактуры, 1898-1901  гг.","г. Кострома, просп. Текстильщиков, 98 ",40.90935,57.779005
"Дом жилой, 2-я пол. XIX в.","г. Кострома, ул. Терешковой, 16 ",40.908928,57.776817
"Дом жилой, кон. XIX в.","г. Кострома, ул. Терешковой, 20 ",40.909377,57.777028
"Дом, в котором жил генерал-лейтенант В.С. Поленов, 1901-1918 гг.","г. Кострома, ул. Терешковой, 50 ",40.913734,57.778962
"Дом жилой, 2-я пол. XIX в.","г. Кострома, ул. Терешковой, 66 ",40.916447,57.780176
"Ансамбль застройки улицы Ткачей, XX в.: Заводоуправление, 1933 г. Столовая, 1935 г. Бюст-памятник с урной инженера-рационализатора Зворыкина И.Д., 1870-1932 гг.; 1970 г.","г. Кострома, ул. Ткачей, 7 ",40.918773,57.786687
"Ансамбль застройки улицы Ткачей, XX в.: Детский сад, 1937 г.","г. Кострома, ул. Ткачей, 12 ",40.92128,57.785876
"Ансамбль застройки улицы Ткачей, XXв.: Детские ясли, 1937 г.","г. Кострома, ул. Ткачей, 14 ",40.921899,57.785651
"Дом жилой для служащих фабрики Брюханова, 2-я пол. XIX в.","г. Кострома, ул. Федосеева, 9",40.912844,57.784029
"Торговый центр города, XVIII-XIX вв.: Калашная лавка, нач., 2-я. пол. XIX в.","г. Кострома, Зеленые ряды",40.924585,57.765412
"Торговый центр города, XVIII-XIX вв.: Хлебные ряды, 1-я треть XIX в., 1860-1870-е гг.","г. Кострома, ул. Островского, 1/2 ",40.923337,57.766732
"Торговый центр города, XVIII-XIX вв.: Дегтярные ряды (дом жилой В.И. Троицкой), 1820-1830-е гг., 1880-е гг.","г. Кострома, ул. Молочная гора, 7 ",40.922492,57.765316
"Здание кинотеатра С.К. Бархатова, 1913 г. ","г. Кострома, ул. Советская, 2/1",40.931727,57.765398
"Соборный ансамбль, XVIII в.: Флигель соборного причта, 1797 г.","г. Кострома, ул. Чайковского, 4 ",40.92923,57.763617
"Дом жилой И.Ф. Прибылова, 1790 г., 1870-е гг.","г. Кострома, ул. Чайковского, 5 ",40.931251,57.764932
"Соборный дом, 1795-1796 гг.","г. Кострома, ул. Чайковского, 6",40.928987,57.763103
"Соборный дом, 1795-1796 гг.","г. Кострома, ул. Чайковского, 8",40.92781,57.763228
"Соборный дом, 1795-1796 гг.","г. Кострома, ул. Чайковского, 21",40.930254,57.762052
"Дом жилой Прибылова И.Ф. с лавкой, 1790 г., 1880-е гг.","г. Кострома, ул. Чайковского, 7 ",40.931161,57.764615
"Дом жилой А.П. Усова, 1788., 1870-е гг.","г. Кострома, ул. Чайковского, 9 ",40.931053,57.76439
"Дом Пасынковой, 1788 г.","г. Кострома, ул. Чайковского, 11",40.930918,57.764078
"Дом жилой М.П. Грамотиной, 1789 г., 1820-е гг.","г. Кострома, ул. Чайковского, 13/1 ",40.930838,57.763737
"Усадьба городская, XVIII-XIX вв.: Дом жилой И.А. Метелкина, 1789 гг., 2-я пол. XIX в. Лавка торговая, 2-я пол. XIX в.","г. Кострома, ул. Чайковского, 17 ",40.930568,57.762921
"Дом жилой Я.А. Рещикова, 1795 г.","г. Кострома, ул. Чайковского, 19 ",40.930424,57.762532
"Ансамбль, 1-я треть XIX в.: Дом жилой (флигель соборного причта), 1832 г.","г. Кострома, ул. Чайковского, 21/1 ",40.930254,57.762052
"Усадьба городская, 1-я четв. XIX в.: Флигель, 1818-1819 гг. Здание окружного суда, 1820 г.","г. Кострома, ул. Шагова, 1/2 ",40.928556,57.768225
"Дом жилой Кудриных. Дом, в котором размещалась редакция газеты «Костромской листок», нач. XIX в.; 1889-1906 гг.","г. Кострома, ул. Шагова, 3",40.929382,57.76823
"Усадьба городская, XIX в.: Дом жилой Ашастина и Колодкиной. Здесь жил советский писатель П.А. Бляхин, нач. XIX в.; 1915-1918 гг. Флигель, 2-я пол. XIX в.","г. Кострома, ул. Шагова, 6 ",40.930757,57.768124
"Дом жилой С.И. Шварева, нач. XIX в.","г. Кострома, ул. Шагова, 8 ",40.931332,57.768211
"Дом жилой Грязновых. Здесь жил русский советский военный деятель Д.П. Парский, 1820-е гг.; 1908-1914 гг. Доходный дом, нач. XX в.","г. Кострома, ул. Шагова, 10 ",40.931826,57.768302
"Дом жилой, кон. XIX в.","г. Кострома, ул. Шагова, 13 ",40.931934,57.768672
"Дом жилой Обрядчиковых, нач. XIX в. Дом жилой, нач. XX в.","г. Кострома, ул. Шагова, 18 ",40.933461,57.7686
"Дом жилой М.Ф. Мясниковой, 20-е гг. XIX в.","г. Кострома, ул. Шагова, 20/2",40.934296,57.76872
"Дом, в котором жил писатель В.Н. Иванов, 1888-1906 гг.","г. Кострома, ул. Шагова, 22 ",40.936057,57.769037
"Дом жилой, сер. XIX в.","г. Кострома, ул. Шагова, 24",40.936713,57.769142
"Дом жилой Кабанова, 1820-е гг.","г. Кострома, ул. Шагова, 27/21",40.935922,57.76932
"Дом жилой, кон. XIX-нач. XX в.","г. Кострома, ул. Шагова, 28 ",40.937413,57.769257
"Дом жилой, посл. четв. XIX в.","г. Кострома, ул. Шагова, 30 ",40.937809,57.769344
"Дом жилой, 2-я пол. XIX в.","г. Кострома, ул. Шагова, 34 ",40.938734,57.769488
"Доходный дом, кон. XIX в.","г. Кострома, ул. Шагова, 35",40.937746,57.76967
"Дом жилой А.А. Виноградова, после 1877 г.","г. Кострома, ул. Шагова, 36",40.939084,57.76955
"Дом жилой, 1-я пол. XIX в.","г. Кострома, ул. Шагова, 43",40.939138,57.769901
"Дом жилой, сер. XIX в.","г. Кострома, ул. Шагова, 46 ",40.941842,57.770006
"Дом жилой, 2-я пол. XIX в.","г. Кострома, ул. Шагова, 49/44 ",40.940045,57.770011
"Дом жилой, 2-я пол. XIX в.","г. Кострома, ул. Шагова, 51/29",40.940791,57.770193
"Дом жилой, нач. XX в.","г. Кострома, ул. Шагова, 58/2 ",40.944761,57.770491
"Усадьба Н.Н. Боровикова. (комплекс городской больницы), XIX в.: Главный дом, нач. XIX в. Флигель, кон. XIX-нач. XX в.","г. Кострома, ул. Шагова, 61а ",40.943189,57.770539
"Усадьба Н.Н. Боровикова. (комплекс городской больницы), XIX в.: Флигель, 2-я пол. XIX в.","г. Кострома, ул. Шагова, 61 ",40.942498,57.770702
"Дом жилой П.А. Дьяконовой, около 1824 г.","г. Кострома, ул. Шагова, 63/79",40.945175,57.770913
"Депо Добровольного пожарного общества, 1910 г.","г. Кострома, ул. Шагова, 87/78",40.949442,57.771749
"Дом жилой, 2-я пол. XIX в.","г. Кострома, ул. Энгельса, 3 ",40.945372,57.770294
"Дом жилой, кон. XIX в.","г. Кострома, ул. Энгельса, 5 ",40.945471,57.770093
"Дом жилой, посл. треть XIX в.","г. Кострома, ул. Энгельса, 6",40.944815,57.769781
"Дом, в котором жил деятель ком. партии и гражданской войны С.С. Данилов, 1916-1917 гг.","г. Кострома, ул. Энгельса, 10 ",40.944851,57.769147
"Усадьба городская, 2-я пол. XIX в., кон. XIX-нач. XX в.: Дом жилой, 2-я пол. XIX в., кон. XIX-нач. XX в. Флигель, 2-я пол. XIX в., кон. XIX-нач. XX в.","г. Кострома, ул. Энгельса, 21/57  ",40.945507,57.767174
"Дом жилой Л.А. Большакова, нач. XX в.","г. Кострома, ул. Энгельса, 27 ",40.945615,57.765595
"Усадьба городская, XIX-XX вв.: Дом жилой, кон. XIX-нач. XX в. Флигель, 2-я пол. XIX в. Хозяйственная постройка, нач. XX в.","г. Кострома, ул. Энгельса, 32 ",40.945013,57.76606
"Дом жилой, сер. XIX в.","г. Кострома, ул. Энгельса, 34 ",40.944968,57.765451
"Дом жилой, 2-я пол. XIХ в., нач. XX в.","г. Кострома, ул. Энгельса, 40 ",40.945067,57.764284
"Дом жилой, 1819 г.","г. Кострома, ул. Энгельса, 42 ",40.944474,57.763953
"Дом, в котором Костромская организация РСДРП устраивала встречи и заседания районного фабричного комитета РСДРП и жил Симановский","г. Кострома, ул. Юных Пионеров, 37б",40.92401,57.781342
"Дом, в котором жил деятельный член Костромской боевой дружины П. Терехин, 1894-1905 гг.","г. Кострома, ул. Юношеская, 22 ",40.949873,57.756808
"Дом жилой, кон. XIX в.","г. Кострома, ул. Юношеская, 37/32 ",40.953215,57.756117
"Дом жилой Перекладовых, 1795-1810 гг.","г. Кострома, ул. Юных Пионеров, 2 ",40.925259,57.777729
